PRAGMA foreign_keys=OFF;
BEGIN TRANSACTION;
CREATE TABLE reading_date(reading_id INTEGER PRIMARY KEY, date TEXT);
INSERT INTO reading_date VALUES(1,'2000-05-25');
INSERT INTO reading_date VALUES(2,'2000-06-26');
INSERT INTO reading_date VALUES(3,'2000-07-31');
INSERT INTO reading_date VALUES(4,'2000-08-28');
INSERT INTO reading_date VALUES(5,'2000-09-27');
INSERT INTO reading_date VALUES(6,'2000-10-25');
INSERT INTO reading_date VALUES(7,'2000-11-21');
INSERT INTO reading_date VALUES(8,'2000-12-27');
INSERT INTO reading_date VALUES(9,'2001-01-24');
INSERT INTO reading_date VALUES(10,'2001-02-26');
INSERT INTO reading_date VALUES(11,'2001-03-27');
INSERT INTO reading_date VALUES(12,'2001-04-24');
INSERT INTO reading_date VALUES(13,'2001-05-24');
INSERT INTO reading_date VALUES(14,'2001-06-26');
INSERT INTO reading_date VALUES(15,'2001-07-26');
INSERT INTO reading_date VALUES(16,'2001-08-27');
INSERT INTO reading_date VALUES(17,'2001-09-26');
INSERT INTO reading_date VALUES(18,'2001-10-26');
INSERT INTO reading_date VALUES(19,'2001-11-26');
INSERT INTO reading_date VALUES(20,'2001-12-26');
INSERT INTO reading_date VALUES(21,'2002-01-25');
INSERT INTO reading_date VALUES(22,'2002-02-25');
INSERT INTO reading_date VALUES(23,'2002-03-26');
INSERT INTO reading_date VALUES(24,'2002-04-25');
INSERT INTO reading_date VALUES(25,'2002-05-24');
INSERT INTO reading_date VALUES(26,'2002-06-25');
INSERT INTO reading_date VALUES(27,'2002-07-28');
INSERT INTO reading_date VALUES(28,'2002-08-25');
INSERT INTO reading_date VALUES(29,'2002-09-25');
INSERT INTO reading_date VALUES(30,'2002-10-25');
INSERT INTO reading_date VALUES(31,'2002-11-25');
INSERT INTO reading_date VALUES(32,'2002-12-25');
INSERT INTO reading_date VALUES(33,'2003-01-25');
INSERT INTO reading_date VALUES(34,'2003-02-25');
INSERT INTO reading_date VALUES(35,'2003-03-25');
INSERT INTO reading_date VALUES(36,'2003-04-25');
INSERT INTO reading_date VALUES(37,'2003-05-25');
INSERT INTO reading_date VALUES(38,'2003-06-25');
INSERT INTO reading_date VALUES(39,'2003-07-26');
INSERT INTO reading_date VALUES(40,'2003-08-25');
INSERT INTO reading_date VALUES(41,'2003-09-25');
INSERT INTO reading_date VALUES(42,'2003-10-25');
INSERT INTO reading_date VALUES(43,'2003-11-25');
INSERT INTO reading_date VALUES(44,'2003-12-24');
INSERT INTO reading_date VALUES(45,'2004-01-22');
INSERT INTO reading_date VALUES(46,'2004-02-23');
INSERT INTO reading_date VALUES(47,'2004-03-24');
INSERT INTO reading_date VALUES(48,'2004-04-22');
INSERT INTO reading_date VALUES(49,'2004-05-25');
INSERT INTO reading_date VALUES(50,'2004-06-24');
INSERT INTO reading_date VALUES(51,'2004-07-24');
INSERT INTO reading_date VALUES(52,'2004-08-26');
INSERT INTO reading_date VALUES(53,'2004-09-23');
INSERT INTO reading_date VALUES(54,'2004-10-22');
INSERT INTO reading_date VALUES(55,'2004-11-22');
INSERT INTO reading_date VALUES(56,'2004-12-23');
INSERT INTO reading_date VALUES(57,'2005-01-21');
INSERT INTO reading_date VALUES(58,'2005-03-25');
INSERT INTO reading_date VALUES(59,'2005-04-21');
INSERT INTO reading_date VALUES(60,'2005-05-23');
INSERT INTO reading_date VALUES(61,'2005-06-23');
INSERT INTO reading_date VALUES(62,'2005-07-22');
INSERT INTO reading_date VALUES(63,'2005-08-24');
INSERT INTO reading_date VALUES(64,'2005-09-22');
INSERT INTO reading_date VALUES(65,'2005-10-22');
INSERT INTO reading_date VALUES(66,'2005-11-21');
INSERT INTO reading_date VALUES(67,'2005-12-23');
INSERT INTO reading_date VALUES(68,'2006-01-23');
INSERT INTO reading_date VALUES(69,'2006-02-22');
INSERT INTO reading_date VALUES(70,'2006-03-24');
INSERT INTO reading_date VALUES(71,'2006-04-24');
INSERT INTO reading_date VALUES(72,'2006-05-23');
INSERT INTO reading_date VALUES(73,'2006-06-23');
INSERT INTO reading_date VALUES(74,'2006-07-22');
INSERT INTO reading_date VALUES(75,'2006-08-22');
INSERT INTO reading_date VALUES(76,'2006-09-22');
INSERT INTO reading_date VALUES(77,'2006-10-21');
INSERT INTO reading_date VALUES(78,'2006-11-20');
INSERT INTO reading_date VALUES(79,'2006-12-21');
INSERT INTO reading_date VALUES(80,'2007-01-23');
INSERT INTO reading_date VALUES(81,'2007-02-23');
INSERT INTO reading_date VALUES(82,'2007-03-24');
INSERT INTO reading_date VALUES(83,'2007-04-22');
INSERT INTO reading_date VALUES(84,'2007-05-22');
INSERT INTO reading_date VALUES(85,'2007-06-22');
INSERT INTO reading_date VALUES(86,'2007-07-23');
INSERT INTO reading_date VALUES(87,'2007-08-22');
INSERT INTO reading_date VALUES(88,'2007-09-21');
INSERT INTO reading_date VALUES(89,'2007-10-20');
INSERT INTO reading_date VALUES(90,'2007-11-20');
INSERT INTO reading_date VALUES(91,'2007-12-20');
INSERT INTO reading_date VALUES(92,'2008-01-21');
INSERT INTO reading_date VALUES(93,'2008-02-21');
INSERT INTO reading_date VALUES(94,'2008-03-21');
INSERT INTO reading_date VALUES(95,'2008-04-19');
INSERT INTO reading_date VALUES(96,'2008-05-20');
INSERT INTO reading_date VALUES(97,'2008-06-21');
INSERT INTO reading_date VALUES(98,'2008-07-20');
INSERT INTO reading_date VALUES(99,'2008-08-18');
INSERT INTO reading_date VALUES(100,'2008-09-18');
INSERT INTO reading_date VALUES(101,'2008-10-18');
INSERT INTO reading_date VALUES(102,'2008-11-17');
INSERT INTO reading_date VALUES(103,'2008-12-20');
INSERT INTO reading_date VALUES(104,'2009-01-24');
INSERT INTO reading_date VALUES(105,'2009-02-21');
INSERT INTO reading_date VALUES(106,'2009-03-20');
INSERT INTO reading_date VALUES(107,'2009-04-21');
INSERT INTO reading_date VALUES(108,'2009-05-20');
INSERT INTO reading_date VALUES(109,'2009-06-21');
INSERT INTO reading_date VALUES(110,'2009-07-23');
INSERT INTO reading_date VALUES(111,'2009-08-18');
INSERT INTO reading_date VALUES(112,'2009-09-18');
INSERT INTO reading_date VALUES(113,'2009-10-17');
INSERT INTO reading_date VALUES(114,'2009-11-22');
INSERT INTO reading_date VALUES(115,'2009-12-22');
INSERT INTO reading_date VALUES(116,'2010-01-21');
INSERT INTO reading_date VALUES(117,'2010-02-20');
INSERT INTO reading_date VALUES(118,'2010-03-23');
INSERT INTO reading_date VALUES(119,'2010-04-23');
INSERT INTO reading_date VALUES(120,'2010-05-21');
INSERT INTO reading_date VALUES(121,'2010-06-22');
INSERT INTO reading_date VALUES(122,'2010-07-26');
INSERT INTO reading_date VALUES(123,'2010-08-25');
INSERT INTO reading_date VALUES(124,'2010-09-25');
INSERT INTO reading_date VALUES(125,'2010-10-24');
INSERT INTO reading_date VALUES(126,'2010-11-20');
INSERT INTO reading_date VALUES(127,'2010-12-27');
INSERT INTO reading_date VALUES(128,'2011-01-25');
INSERT INTO reading_date VALUES(129,'2011-02-24');
INSERT INTO reading_date VALUES(130,'2011-03-26');
INSERT INTO reading_date VALUES(131,'2011-04-26');
INSERT INTO reading_date VALUES(132,'2011-05-19');
INSERT INTO reading_date VALUES(133,'2011-06-23');
INSERT INTO reading_date VALUES(134,'2011-07-23');
INSERT INTO reading_date VALUES(135,'2011-08-21');
INSERT INTO reading_date VALUES(136,'2011-09-22');
INSERT INTO reading_date VALUES(137,'2011-10-21');
INSERT INTO reading_date VALUES(138,'2011-11-19');
INSERT INTO reading_date VALUES(139,'2011-12-20');
INSERT INTO reading_date VALUES(140,'2012-01-20');
INSERT INTO reading_date VALUES(141,'2012-02-19');
INSERT INTO reading_date VALUES(142,'2012-03-23');
INSERT INTO reading_date VALUES(143,'2012-04-20');
INSERT INTO reading_date VALUES(144,'2012-05-19');
INSERT INTO reading_date VALUES(145,'2012-06-20');
INSERT INTO reading_date VALUES(146,'2012-07-19');
INSERT INTO reading_date VALUES(147,'2012-08-18');
INSERT INTO reading_date VALUES(148,'2012-09-19');
INSERT INTO reading_date VALUES(149,'2012-10-19');
INSERT INTO reading_date VALUES(150,'2012-11-18');
INSERT INTO reading_date VALUES(151,'2012-12-18');
INSERT INTO reading_date VALUES(152,'2013-01-17');
INSERT INTO reading_date VALUES(153,'2013-02-19');
INSERT INTO reading_date VALUES(154,'2013-03-22');
INSERT INTO reading_date VALUES(155,'2013-04-20');
INSERT INTO reading_date VALUES(156,'2013-05-20');
INSERT INTO reading_date VALUES(157,'2013-06-21');
INSERT INTO reading_date VALUES(158,'2013-07-20');
INSERT INTO reading_date VALUES(159,'2013-08-18');
INSERT INTO reading_date VALUES(160,'2013-09-17');
INSERT INTO reading_date VALUES(161,'2013-10-19');
INSERT INTO reading_date VALUES(162,'2013-11-19');
INSERT INTO reading_date VALUES(163,'2013-12-20');
INSERT INTO reading_date VALUES(164,'2014-01-19');
INSERT INTO reading_date VALUES(165,'2014-02-18');
INSERT INTO reading_date VALUES(166,'2014-03-22');
INSERT INTO reading_date VALUES(167,'2014-04-21');
INSERT INTO reading_date VALUES(168,'2014-05-25');
INSERT INTO reading_date VALUES(169,'2014-06-21');
INSERT INTO reading_date VALUES(170,'2014-07-19');
INSERT INTO reading_date VALUES(171,'2014-08-22');
INSERT INTO reading_date VALUES(172,'2014-09-20');
INSERT INTO reading_date VALUES(173,'2014-10-17');
INSERT INTO reading_date VALUES(174,'2014-11-19');
INSERT INTO reading_date VALUES(175,'2014-12-19');
INSERT INTO reading_date VALUES(176,'2015-01-19');
INSERT INTO reading_date VALUES(177,'2015-02-20');
INSERT INTO reading_date VALUES(178,'2015-03-21');
INSERT INTO reading_date VALUES(179,'2015-04-23');
INSERT INTO reading_date VALUES(180,'2015-05-21');
INSERT INTO reading_date VALUES(181,'2015-06-21');
INSERT INTO reading_date VALUES(182,'2015-07-20');
INSERT INTO reading_date VALUES(183,'2015-08-19');
INSERT INTO reading_date VALUES(184,'2015-09-19');
INSERT INTO reading_date VALUES(185,'2015-10-17');
INSERT INTO reading_date VALUES(186,'2015-11-18');
INSERT INTO reading_date VALUES(187,'2015-12-19');
INSERT INTO reading_date VALUES(188,'2016-01-14');
INSERT INTO reading_date VALUES(189,'2016-02-20');
INSERT INTO reading_date VALUES(190,'2016-03-17');
INSERT INTO reading_date VALUES(191,'2016-04-21');
INSERT INTO reading_date VALUES(192,'2016-05-18');
INSERT INTO reading_date VALUES(193,'2016-06-17');
INSERT INTO reading_date VALUES(194,'2016-07-21');
INSERT INTO reading_date VALUES(195,'2016-08-19');
INSERT INTO reading_date VALUES(196,'2016-09-20');
INSERT INTO reading_date VALUES(197,'2016-10-20');
INSERT INTO reading_date VALUES(198,'2016-11-19');
INSERT INTO reading_date VALUES(199,'2016-12-16');
INSERT INTO reading_date VALUES(200,'2017-01-23');
INSERT INTO reading_date VALUES(201,'2017-02-17');
INSERT INTO reading_date VALUES(202,'2017-03-25');
INSERT INTO reading_date VALUES(203,'2017-04-25');
INSERT INTO reading_date VALUES(204,'2017-05-22');
INSERT INTO reading_date VALUES(205,'2017-06-21');
INSERT INTO reading_date VALUES(206,'2017-07-18');
INSERT INTO reading_date VALUES(207,'2017-08-20');
INSERT INTO reading_date VALUES(208,'2017-09-19');
INSERT INTO reading_date VALUES(209,'2017-10-23');
INSERT INTO reading_date VALUES(210,'2017-11-28');
INSERT INTO reading_date VALUES(211,'2017-12-21');
INSERT INTO reading_date VALUES(212,'2018-01-24');
INSERT INTO reading_date VALUES(213,'2018-02-18');
INSERT INTO reading_date VALUES(214,'2018-03-22');
INSERT INTO reading_date VALUES(215,'2018-05-25');
INSERT INTO reading_date VALUES(216,'2018-06-23');
INSERT INTO reading_date VALUES(217,'2018-07-25');
INSERT INTO reading_date VALUES(218,'2018-08-25');
INSERT INTO reading_date VALUES(219,'2018-09-28');
INSERT INTO reading_date VALUES(220,'2018-10-30');
INSERT INTO reading_date VALUES(221,'2018-11-26');
INSERT INTO reading_date VALUES(222,'2018-12-27');
INSERT INTO reading_date VALUES(223,'2019-01-24');
CREATE TABLE reading(account_id INTEGER, reading_id INTEGER, reading INTEGER);
INSERT INTO reading VALUES(1,1,83843);
INSERT INTO reading VALUES(2,1,79481);
INSERT INTO reading VALUES(3,1,128228);
INSERT INTO reading VALUES(4,1,102401);
INSERT INTO reading VALUES(1,2,89206);
INSERT INTO reading VALUES(2,2,81823);
INSERT INTO reading VALUES(3,2,129879);
INSERT INTO reading VALUES(4,2,108851);
INSERT INTO reading VALUES(1,3,97868);
INSERT INTO reading VALUES(2,3,84016);
INSERT INTO reading VALUES(3,3,134979);
INSERT INTO reading VALUES(4,3,115194);
INSERT INTO reading VALUES(1,4,104889);
INSERT INTO reading VALUES(2,4,85852);
INSERT INTO reading VALUES(3,4,138864);
INSERT INTO reading VALUES(4,4,120768);
INSERT INTO reading VALUES(1,5,113920);
INSERT INTO reading VALUES(2,5,89007);
INSERT INTO reading VALUES(3,5,143189);
INSERT INTO reading VALUES(4,5,124995);
INSERT INTO reading VALUES(1,6,120146);
INSERT INTO reading VALUES(2,6,90529);
INSERT INTO reading VALUES(3,6,146466);
INSERT INTO reading VALUES(4,6,127963);
INSERT INTO reading VALUES(1,7,123925);
INSERT INTO reading VALUES(2,7,90978);
INSERT INTO reading VALUES(3,7,147116);
INSERT INTO reading VALUES(4,7,129862);
INSERT INTO reading VALUES(1,8,128577);
INSERT INTO reading VALUES(2,8,92444);
INSERT INTO reading VALUES(3,8,148018);
INSERT INTO reading VALUES(4,8,132237);
INSERT INTO reading VALUES(1,9,143295);
INSERT INTO reading VALUES(2,9,94260);
INSERT INTO reading VALUES(3,9,148652);
INSERT INTO reading VALUES(4,9,134071);
INSERT INTO reading VALUES(1,10,147297);
INSERT INTO reading VALUES(2,10,95338);
INSERT INTO reading VALUES(3,10,149410);
INSERT INTO reading VALUES(4,10,136004);
INSERT INTO reading VALUES(1,11,150106);
INSERT INTO reading VALUES(2,11,96244);
INSERT INTO reading VALUES(3,11,150090);
INSERT INTO reading VALUES(4,11,137702);
INSERT INTO reading VALUES(1,12,155302);
INSERT INTO reading VALUES(2,12,97776);
INSERT INTO reading VALUES(3,12,150702);
INSERT INTO reading VALUES(4,12,139665);
INSERT INTO reading VALUES(1,13,163897);
INSERT INTO reading VALUES(2,13,100561);
INSERT INTO reading VALUES(3,13,152807);
INSERT INTO reading VALUES(4,13,145249);
INSERT INTO reading VALUES(1,14,177596);
INSERT INTO reading VALUES(2,14,103582);
INSERT INTO reading VALUES(3,14,157929);
INSERT INTO reading VALUES(4,14,152546);
INSERT INTO reading VALUES(1,15,193473);
INSERT INTO reading VALUES(2,15,106549);
INSERT INTO reading VALUES(3,15,162745);
INSERT INTO reading VALUES(4,15,157997);
INSERT INTO reading VALUES(1,16,213728);
INSERT INTO reading VALUES(2,16,109738);
INSERT INTO reading VALUES(3,16,167216);
INSERT INTO reading VALUES(4,16,163755);
INSERT INTO reading VALUES(1,17,224286);
INSERT INTO reading VALUES(2,17,112596);
INSERT INTO reading VALUES(3,17,171619);
INSERT INTO reading VALUES(4,17,167447);
INSERT INTO reading VALUES(1,18,233617);
INSERT INTO reading VALUES(2,18,115159);
INSERT INTO reading VALUES(3,18,176589);
INSERT INTO reading VALUES(4,18,174661);
INSERT INTO reading VALUES(1,19,240473);
INSERT INTO reading VALUES(2,19,117076);
INSERT INTO reading VALUES(3,19,177740);
INSERT INTO reading VALUES(4,19,176667);
INSERT INTO reading VALUES(1,20,243051);
INSERT INTO reading VALUES(2,20,117723);
INSERT INTO reading VALUES(3,20,178588);
INSERT INTO reading VALUES(4,20,179490);
INSERT INTO reading VALUES(1,21,245564);
INSERT INTO reading VALUES(2,21,118281);
INSERT INTO reading VALUES(3,21,179469);
INSERT INTO reading VALUES(4,21,181339);
INSERT INTO reading VALUES(1,22,248955);
INSERT INTO reading VALUES(2,22,118929);
INSERT INTO reading VALUES(3,22,180119);
INSERT INTO reading VALUES(4,22,183293);
INSERT INTO reading VALUES(1,23,254964);
INSERT INTO reading VALUES(2,23,119539);
INSERT INTO reading VALUES(3,23,180862);
INSERT INTO reading VALUES(4,23,184890);
INSERT INTO reading VALUES(1,24,263810);
INSERT INTO reading VALUES(2,24,120899);
INSERT INTO reading VALUES(3,24,181962);
INSERT INTO reading VALUES(4,24,188409);
INSERT INTO reading VALUES(1,25,274851);
INSERT INTO reading VALUES(2,25,123223);
INSERT INTO reading VALUES(3,25,184738);
INSERT INTO reading VALUES(4,25,193231);
INSERT INTO reading VALUES(1,26,292385);
INSERT INTO reading VALUES(2,26,125534);
INSERT INTO reading VALUES(3,26,187824);
INSERT INTO reading VALUES(4,26,200589);
INSERT INTO reading VALUES(1,27,311693);
INSERT INTO reading VALUES(2,27,127834);
INSERT INTO reading VALUES(3,27,193081);
INSERT INTO reading VALUES(4,27,210134);
INSERT INTO reading VALUES(1,28,327080);
INSERT INTO reading VALUES(2,28,129939);
INSERT INTO reading VALUES(3,28,197408);
INSERT INTO reading VALUES(4,28,217870);
INSERT INTO reading VALUES(1,29,340737);
INSERT INTO reading VALUES(2,29,132307);
INSERT INTO reading VALUES(3,29,201256);
INSERT INTO reading VALUES(4,29,225143);
INSERT INTO reading VALUES(1,30,354599);
INSERT INTO reading VALUES(2,30,134639);
INSERT INTO reading VALUES(3,30,205830);
INSERT INTO reading VALUES(4,30,230038);
INSERT INTO reading VALUES(1,31,362633);
INSERT INTO reading VALUES(2,31,135434);
INSERT INTO reading VALUES(3,31,207412);
INSERT INTO reading VALUES(4,31,231221);
INSERT INTO reading VALUES(1,32,368880);
INSERT INTO reading VALUES(2,32,136179);
INSERT INTO reading VALUES(3,32,208077);
INSERT INTO reading VALUES(4,32,232288);
INSERT INTO reading VALUES(1,33,373709);
INSERT INTO reading VALUES(2,33,136974);
INSERT INTO reading VALUES(3,33,208816);
INSERT INTO reading VALUES(4,33,233475);
INSERT INTO reading VALUES(1,34,376771);
INSERT INTO reading VALUES(2,34,137732);
INSERT INTO reading VALUES(3,34,209429);
INSERT INTO reading VALUES(4,34,234552);
INSERT INTO reading VALUES(1,35,379777);
INSERT INTO reading VALUES(2,35,138410);
INSERT INTO reading VALUES(3,35,210130);
INSERT INTO reading VALUES(4,35,235597);
INSERT INTO reading VALUES(1,36,386924);
INSERT INTO reading VALUES(2,36,139657);
INSERT INTO reading VALUES(3,36,211374);
INSERT INTO reading VALUES(4,36,236999);
INSERT INTO reading VALUES(1,37,395943);
INSERT INTO reading VALUES(2,37,140589);
INSERT INTO reading VALUES(3,37,212314);
INSERT INTO reading VALUES(4,37,238670);
INSERT INTO reading VALUES(1,38,407138);
INSERT INTO reading VALUES(2,38,142248);
INSERT INTO reading VALUES(3,38,215232);
INSERT INTO reading VALUES(4,38,240993);
INSERT INTO reading VALUES(1,39,421033);
INSERT INTO reading VALUES(2,39,144699);
INSERT INTO reading VALUES(3,39,219865);
INSERT INTO reading VALUES(4,39,246024);
INSERT INTO reading VALUES(1,40,436590);
INSERT INTO reading VALUES(2,40,146713);
INSERT INTO reading VALUES(3,40,226500);
INSERT INTO reading VALUES(4,40,249955);
INSERT INTO reading VALUES(1,41,451602);
INSERT INTO reading VALUES(2,41,149257);
INSERT INTO reading VALUES(3,41,232641);
INSERT INTO reading VALUES(4,41,254199);
INSERT INTO reading VALUES(1,42,467830);
INSERT INTO reading VALUES(2,42,151369);
INSERT INTO reading VALUES(3,42,236194);
INSERT INTO reading VALUES(4,42,257454);
INSERT INTO reading VALUES(1,43,474228);
INSERT INTO reading VALUES(2,43,152353);
INSERT INTO reading VALUES(3,43,237457);
INSERT INTO reading VALUES(4,43,259716);
INSERT INTO reading VALUES(1,44,477534);
INSERT INTO reading VALUES(2,44,152991);
INSERT INTO reading VALUES(3,44,238159);
INSERT INTO reading VALUES(4,44,260810);
INSERT INTO reading VALUES(1,45,480854);
INSERT INTO reading VALUES(2,45,153670);
INSERT INTO reading VALUES(3,45,238907);
INSERT INTO reading VALUES(4,45,261784);
INSERT INTO reading VALUES(1,46,485912);
INSERT INTO reading VALUES(2,46,154444);
INSERT INTO reading VALUES(3,46,239775);
INSERT INTO reading VALUES(4,46,262927);
INSERT INTO reading VALUES(1,47,491504);
INSERT INTO reading VALUES(2,47,155252);
INSERT INTO reading VALUES(3,47,240511);
INSERT INTO reading VALUES(4,47,264179);
INSERT INTO reading VALUES(1,48,502648);
INSERT INTO reading VALUES(2,48,157212);
INSERT INTO reading VALUES(3,48,241484);
INSERT INTO reading VALUES(4,48,266928);
INSERT INTO reading VALUES(1,49,519450);
INSERT INTO reading VALUES(2,49,160105);
INSERT INTO reading VALUES(3,49,245115);
INSERT INTO reading VALUES(4,49,272314);
INSERT INTO reading VALUES(1,50,541378);
INSERT INTO reading VALUES(2,50,162314);
INSERT INTO reading VALUES(3,50,248425);
INSERT INTO reading VALUES(4,50,278877);
INSERT INTO reading VALUES(1,51,559914);
INSERT INTO reading VALUES(2,51,165300);
INSERT INTO reading VALUES(3,51,252566);
INSERT INTO reading VALUES(4,51,282722);
INSERT INTO reading VALUES(1,52,577945);
INSERT INTO reading VALUES(2,52,167716);
INSERT INTO reading VALUES(3,52,258514);
INSERT INTO reading VALUES(4,52,288197);
INSERT INTO reading VALUES(1,53,597818);
INSERT INTO reading VALUES(2,53,170515);
INSERT INTO reading VALUES(3,53,262674);
INSERT INTO reading VALUES(4,53,292005);
INSERT INTO reading VALUES(1,54,609833);
INSERT INTO reading VALUES(2,54,172545);
INSERT INTO reading VALUES(3,54,268223);
INSERT INTO reading VALUES(4,54,296152);
INSERT INTO reading VALUES(1,55,613538);
INSERT INTO reading VALUES(2,55,173169);
INSERT INTO reading VALUES(3,55,270879);
INSERT INTO reading VALUES(4,55,298838);
INSERT INTO reading VALUES(1,56,618081);
INSERT INTO reading VALUES(2,56,173830);
INSERT INTO reading VALUES(3,56,271663);
INSERT INTO reading VALUES(4,56,300337);
INSERT INTO reading VALUES(1,57,623024);
INSERT INTO reading VALUES(2,57,174518);
INSERT INTO reading VALUES(3,57,272528);
INSERT INTO reading VALUES(4,57,301781);
INSERT INTO reading VALUES(1,58,632936);
INSERT INTO reading VALUES(2,58,175738);
INSERT INTO reading VALUES(3,58,274264);
INSERT INTO reading VALUES(4,58,303998);
INSERT INTO reading VALUES(1,59,637879);
INSERT INTO reading VALUES(2,59,176381);
INSERT INTO reading VALUES(3,59,275104);
INSERT INTO reading VALUES(4,59,304893);
INSERT INTO reading VALUES(1,60,648463);
INSERT INTO reading VALUES(2,60,177861);
INSERT INTO reading VALUES(3,60,276943);
INSERT INTO reading VALUES(4,60,307854);
INSERT INTO reading VALUES(1,61,667637);
INSERT INTO reading VALUES(2,61,180425);
INSERT INTO reading VALUES(3,61,281920);
INSERT INTO reading VALUES(4,61,312230);
INSERT INTO reading VALUES(1,62,686916);
INSERT INTO reading VALUES(2,62,182616);
INSERT INTO reading VALUES(3,62,283805);
INSERT INTO reading VALUES(4,62,316304);
INSERT INTO reading VALUES(1,63,705007);
INSERT INTO reading VALUES(2,63,185178);
INSERT INTO reading VALUES(3,63,290199);
INSERT INTO reading VALUES(4,63,320312);
INSERT INTO reading VALUES(1,64,719201);
INSERT INTO reading VALUES(2,64,187362);
INSERT INTO reading VALUES(3,64,293946);
INSERT INTO reading VALUES(4,64,324498);
INSERT INTO reading VALUES(1,65,736082);
INSERT INTO reading VALUES(2,65,189836);
INSERT INTO reading VALUES(3,65,298776);
INSERT INTO reading VALUES(4,65,328182);
INSERT INTO reading VALUES(1,66,745591);
INSERT INTO reading VALUES(2,66,192045);
INSERT INTO reading VALUES(3,66,299910);
INSERT INTO reading VALUES(4,66,330737);
INSERT INTO reading VALUES(1,67,751702);
INSERT INTO reading VALUES(2,67,192999);
INSERT INTO reading VALUES(3,67,301190);
INSERT INTO reading VALUES(4,67,332012);
INSERT INTO reading VALUES(1,68,755342);
INSERT INTO reading VALUES(2,68,193695);
INSERT INTO reading VALUES(3,68,302150);
INSERT INTO reading VALUES(4,68,333061);
INSERT INTO reading VALUES(1,69,758781);
INSERT INTO reading VALUES(2,69,194286);
INSERT INTO reading VALUES(3,69,303109);
INSERT INTO reading VALUES(4,69,334066);
INSERT INTO reading VALUES(1,70,763687);
INSERT INTO reading VALUES(2,70,194764);
INSERT INTO reading VALUES(3,70,304140);
INSERT INTO reading VALUES(4,70,335133);
INSERT INTO reading VALUES(1,71,770490);
INSERT INTO reading VALUES(2,71,195512);
INSERT INTO reading VALUES(3,71,305015);
INSERT INTO reading VALUES(4,71,336405);
INSERT INTO reading VALUES(1,72,776373);
INSERT INTO reading VALUES(2,72,197055);
INSERT INTO reading VALUES(3,72,306189);
INSERT INTO reading VALUES(4,72,338152);
INSERT INTO reading VALUES(1,73,785198);
INSERT INTO reading VALUES(2,73,199736);
INSERT INTO reading VALUES(3,73,309772);
INSERT INTO reading VALUES(4,73,341977);
INSERT INTO reading VALUES(1,74,799084);
INSERT INTO reading VALUES(2,74,202101);
INSERT INTO reading VALUES(3,74,312820);
INSERT INTO reading VALUES(4,74,346803);
INSERT INTO reading VALUES(1,75,808316);
INSERT INTO reading VALUES(2,75,204732);
INSERT INTO reading VALUES(3,75,316682);
INSERT INTO reading VALUES(4,75,352086);
INSERT INTO reading VALUES(1,76,822603);
INSERT INTO reading VALUES(2,76,206920);
INSERT INTO reading VALUES(3,76,320564);
INSERT INTO reading VALUES(4,76,357270);
INSERT INTO reading VALUES(1,77,844527);
INSERT INTO reading VALUES(2,77,208792);
INSERT INTO reading VALUES(3,77,325092);
INSERT INTO reading VALUES(4,77,360338);
INSERT INTO reading VALUES(1,78,852512);
INSERT INTO reading VALUES(2,78,210540);
INSERT INTO reading VALUES(3,78,326456);
INSERT INTO reading VALUES(4,78,364006);
INSERT INTO reading VALUES(1,79,858635);
INSERT INTO reading VALUES(2,79,211593);
INSERT INTO reading VALUES(3,79,327479);
INSERT INTO reading VALUES(4,79,366094);
INSERT INTO reading VALUES(1,80,864460);
INSERT INTO reading VALUES(2,80,212369);
INSERT INTO reading VALUES(3,80,328625);
INSERT INTO reading VALUES(4,80,367519);
INSERT INTO reading VALUES(1,81,869857);
INSERT INTO reading VALUES(2,81,213164);
INSERT INTO reading VALUES(3,81,329578);
INSERT INTO reading VALUES(4,81,368755);
INSERT INTO reading VALUES(1,82,873271);
INSERT INTO reading VALUES(2,82,214634);
INSERT INTO reading VALUES(3,82,330507);
INSERT INTO reading VALUES(4,82,369956);
INSERT INTO reading VALUES(1,83,883777);
INSERT INTO reading VALUES(2,83,216651);
INSERT INTO reading VALUES(3,83,332215);
INSERT INTO reading VALUES(4,83,372271);
INSERT INTO reading VALUES(1,84,905482);
INSERT INTO reading VALUES(2,84,218782);
INSERT INTO reading VALUES(3,84,336422);
INSERT INTO reading VALUES(4,84,374871);
INSERT INTO reading VALUES(1,85,937438);
INSERT INTO reading VALUES(2,85,221436);
INSERT INTO reading VALUES(3,85,339269);
INSERT INTO reading VALUES(4,85,379658);
INSERT INTO reading VALUES(1,86,961395);
INSERT INTO reading VALUES(2,86,223726);
INSERT INTO reading VALUES(3,86,343832);
INSERT INTO reading VALUES(4,86,385688);
INSERT INTO reading VALUES(1,87,981915);
INSERT INTO reading VALUES(2,87,225804);
INSERT INTO reading VALUES(3,87,344564);
INSERT INTO reading VALUES(4,87,390787);
INSERT INTO reading VALUES(1,88,1004601);
INSERT INTO reading VALUES(2,88,228114);
INSERT INTO reading VALUES(3,88,349058);
INSERT INTO reading VALUES(4,88,395202);
INSERT INTO reading VALUES(1,89,1015821);
INSERT INTO reading VALUES(2,89,229528);
INSERT INTO reading VALUES(3,89,351701);
INSERT INTO reading VALUES(4,89,397253);
INSERT INTO reading VALUES(1,90,1023696);
INSERT INTO reading VALUES(2,90,231451);
INSERT INTO reading VALUES(3,90,352749);
INSERT INTO reading VALUES(4,90,399217);
INSERT INTO reading VALUES(1,91,1053070);
INSERT INTO reading VALUES(2,91,232411);
INSERT INTO reading VALUES(3,91,353715);
INSERT INTO reading VALUES(4,91,400710);
INSERT INTO reading VALUES(1,92,1099505);
INSERT INTO reading VALUES(2,92,233117);
INSERT INTO reading VALUES(3,92,354897);
INSERT INTO reading VALUES(4,92,402213);
INSERT INTO reading VALUES(1,93,1103844);
INSERT INTO reading VALUES(2,93,233643);
INSERT INTO reading VALUES(3,93,355961);
INSERT INTO reading VALUES(4,93,403641);
INSERT INTO reading VALUES(1,94,1110862);
INSERT INTO reading VALUES(2,94,234155);
INSERT INTO reading VALUES(3,94,356940);
INSERT INTO reading VALUES(4,94,405010);
INSERT INTO reading VALUES(1,95,1129157);
INSERT INTO reading VALUES(2,95,235461);
INSERT INTO reading VALUES(3,95,362085);
INSERT INTO reading VALUES(4,95,407965);
INSERT INTO reading VALUES(1,96,1150385);
INSERT INTO reading VALUES(2,96,237740);
INSERT INTO reading VALUES(3,96,365738);
INSERT INTO reading VALUES(4,96,411915);
INSERT INTO reading VALUES(1,97,1177887);
INSERT INTO reading VALUES(2,97,240423);
INSERT INTO reading VALUES(3,97,367142);
INSERT INTO reading VALUES(4,97,416891);
INSERT INTO reading VALUES(1,98,1199194);
INSERT INTO reading VALUES(2,98,242626);
INSERT INTO reading VALUES(3,98,369956);
INSERT INTO reading VALUES(4,98,421876);
INSERT INTO reading VALUES(1,99,1220263);
INSERT INTO reading VALUES(2,99,244643);
INSERT INTO reading VALUES(3,99,371006);
INSERT INTO reading VALUES(4,99,425681);
INSERT INTO reading VALUES(1,100,1245392);
INSERT INTO reading VALUES(2,100,246752);
INSERT INTO reading VALUES(3,100,372161);
INSERT INTO reading VALUES(4,100,431126);
INSERT INTO reading VALUES(1,101,1260384);
INSERT INTO reading VALUES(2,101,249063);
INSERT INTO reading VALUES(3,101,373708);
INSERT INTO reading VALUES(4,101,435115);
INSERT INTO reading VALUES(1,102,1271661);
INSERT INTO reading VALUES(2,102,250416);
INSERT INTO reading VALUES(3,102,374917);
INSERT INTO reading VALUES(4,102,438245);
INSERT INTO reading VALUES(1,103,1277080);
INSERT INTO reading VALUES(2,103,251339);
INSERT INTO reading VALUES(3,103,376082);
INSERT INTO reading VALUES(4,103,440050);
INSERT INTO reading VALUES(1,104,1282137);
INSERT INTO reading VALUES(2,104,252453);
INSERT INTO reading VALUES(3,104,377396);
INSERT INTO reading VALUES(4,104,442033);
INSERT INTO reading VALUES(1,105,1285295);
INSERT INTO reading VALUES(2,105,252861);
INSERT INTO reading VALUES(3,105,378373);
INSERT INTO reading VALUES(4,105,443712);
INSERT INTO reading VALUES(1,106,1288430);
INSERT INTO reading VALUES(2,106,253554);
INSERT INTO reading VALUES(3,106,379331);
INSERT INTO reading VALUES(4,106,445264);
INSERT INTO reading VALUES(1,107,1296520);
INSERT INTO reading VALUES(2,107,254896);
INSERT INTO reading VALUES(3,107,380474);
INSERT INTO reading VALUES(4,107,447960);
INSERT INTO reading VALUES(1,108,1305871);
INSERT INTO reading VALUES(2,108,256600);
INSERT INTO reading VALUES(3,108,381609);
INSERT INTO reading VALUES(4,108,451827);
INSERT INTO reading VALUES(1,109,1325501);
INSERT INTO reading VALUES(2,109,258868);
INSERT INTO reading VALUES(3,109,384603);
INSERT INTO reading VALUES(4,109,455378);
INSERT INTO reading VALUES(1,110,1339127);
INSERT INTO reading VALUES(2,110,261071);
INSERT INTO reading VALUES(3,110,386864);
INSERT INTO reading VALUES(4,110,460160);
INSERT INTO reading VALUES(1,111,1355387);
INSERT INTO reading VALUES(2,111,263073);
INSERT INTO reading VALUES(3,111,388129);
INSERT INTO reading VALUES(4,111,463523);
INSERT INTO reading VALUES(1,112,1378290);
INSERT INTO reading VALUES(2,112,265317);
INSERT INTO reading VALUES(3,112,389784);
INSERT INTO reading VALUES(4,112,467099);
INSERT INTO reading VALUES(1,113,1393186);
INSERT INTO reading VALUES(2,113,266974);
INSERT INTO reading VALUES(3,113,390867);
INSERT INTO reading VALUES(4,113,470231);
INSERT INTO reading VALUES(1,114,1398751);
INSERT INTO reading VALUES(2,114,269267);
INSERT INTO reading VALUES(3,114,391975);
INSERT INTO reading VALUES(4,114,471952);
INSERT INTO reading VALUES(1,115,1403885);
INSERT INTO reading VALUES(2,115,270389);
INSERT INTO reading VALUES(3,115,392939);
INSERT INTO reading VALUES(4,115,473327);
INSERT INTO reading VALUES(1,116,1408378);
INSERT INTO reading VALUES(2,116,270888);
INSERT INTO reading VALUES(3,116,393931);
INSERT INTO reading VALUES(4,116,474789);
INSERT INTO reading VALUES(1,117,1411365);
INSERT INTO reading VALUES(2,117,271288);
INSERT INTO reading VALUES(3,117,394935);
INSERT INTO reading VALUES(4,117,476127);
INSERT INTO reading VALUES(1,118,1415605);
INSERT INTO reading VALUES(2,118,271700);
INSERT INTO reading VALUES(3,118,395936);
INSERT INTO reading VALUES(4,118,477707);
INSERT INTO reading VALUES(1,119,1419472);
INSERT INTO reading VALUES(2,119,272138);
INSERT INTO reading VALUES(3,119,396892);
INSERT INTO reading VALUES(4,119,479344);
INSERT INTO reading VALUES(1,120,1426837);
INSERT INTO reading VALUES(2,120,273219);
INSERT INTO reading VALUES(3,120,397860);
INSERT INTO reading VALUES(4,120,481104);
INSERT INTO reading VALUES(1,121,1436501);
INSERT INTO reading VALUES(2,121,274941);
INSERT INTO reading VALUES(3,121,399423);
INSERT INTO reading VALUES(4,121,484564);
INSERT INTO reading VALUES(1,122,1451935);
INSERT INTO reading VALUES(2,122,277025);
INSERT INTO reading VALUES(3,122,401123);
INSERT INTO reading VALUES(4,122,488753);
INSERT INTO reading VALUES(1,123,1466814);
INSERT INTO reading VALUES(2,123,278850);
INSERT INTO reading VALUES(3,123,403155);
INSERT INTO reading VALUES(4,123,492186);
INSERT INTO reading VALUES(1,124,1480105);
INSERT INTO reading VALUES(2,124,280357);
INSERT INTO reading VALUES(3,124,404517);
INSERT INTO reading VALUES(4,124,495889);
INSERT INTO reading VALUES(1,125,1493229);
INSERT INTO reading VALUES(2,125,281847);
INSERT INTO reading VALUES(3,125,405751);
INSERT INTO reading VALUES(4,125,498172);
INSERT INTO reading VALUES(1,126,1498632);
INSERT INTO reading VALUES(2,126,282493);
INSERT INTO reading VALUES(3,126,406827);
INSERT INTO reading VALUES(4,126,499115);
INSERT INTO reading VALUES(1,127,1504085);
INSERT INTO reading VALUES(2,127,283130);
INSERT INTO reading VALUES(3,127,408381);
INSERT INTO reading VALUES(4,127,500449);
INSERT INTO reading VALUES(1,128,1510460);
INSERT INTO reading VALUES(2,128,283577);
INSERT INTO reading VALUES(3,128,409727);
INSERT INTO reading VALUES(4,128,501430);
INSERT INTO reading VALUES(1,129,1600428);
INSERT INTO reading VALUES(2,129,284130);
INSERT INTO reading VALUES(3,129,410722);
INSERT INTO reading VALUES(4,129,502310);
INSERT INTO reading VALUES(1,130,1604987);
INSERT INTO reading VALUES(2,130,284575);
INSERT INTO reading VALUES(3,130,411652);
INSERT INTO reading VALUES(4,130,503277);
INSERT INTO reading VALUES(1,131,1614565);
INSERT INTO reading VALUES(2,131,285593);
INSERT INTO reading VALUES(3,131,412607);
INSERT INTO reading VALUES(4,131,504777);
INSERT INTO reading VALUES(1,132,1628138);
INSERT INTO reading VALUES(2,132,286837);
INSERT INTO reading VALUES(3,132,413505);
INSERT INTO reading VALUES(4,132,506157);
INSERT INTO reading VALUES(1,133,1653068);
INSERT INTO reading VALUES(2,133,288778);
INSERT INTO reading VALUES(3,133,414678);
INSERT INTO reading VALUES(4,133,508066);
INSERT INTO reading VALUES(1,134,1674250);
INSERT INTO reading VALUES(2,134,291122);
INSERT INTO reading VALUES(3,134,415573);
INSERT INTO reading VALUES(4,134,511540);
INSERT INTO reading VALUES(1,135,1694854);
INSERT INTO reading VALUES(2,135,293450);
INSERT INTO reading VALUES(3,135,416454);
INSERT INTO reading VALUES(4,135,513442);
INSERT INTO reading VALUES(1,136,1723434);
INSERT INTO reading VALUES(2,136,296027);
INSERT INTO reading VALUES(3,136,421781);
INSERT INTO reading VALUES(4,136,515288);
INSERT INTO reading VALUES(1,137,1738476);
INSERT INTO reading VALUES(2,137,296992);
INSERT INTO reading VALUES(3,137,422731);
INSERT INTO reading VALUES(4,137,516505);
INSERT INTO reading VALUES(1,138,1747550);
INSERT INTO reading VALUES(2,138,297271);
INSERT INTO reading VALUES(3,138,423614);
INSERT INTO reading VALUES(4,138,517410);
INSERT INTO reading VALUES(1,139,1755927);
INSERT INTO reading VALUES(2,139,298446);
INSERT INTO reading VALUES(3,139,424505);
INSERT INTO reading VALUES(4,139,518078);
INSERT INTO reading VALUES(1,140,1773618);
INSERT INTO reading VALUES(2,140,300585);
INSERT INTO reading VALUES(3,140,425614);
INSERT INTO reading VALUES(4,140,518803);
INSERT INTO reading VALUES(1,141,1782560);
INSERT INTO reading VALUES(2,141,301125);
INSERT INTO reading VALUES(3,141,426484);
INSERT INTO reading VALUES(4,141,519660);
INSERT INTO reading VALUES(1,142,1796287);
INSERT INTO reading VALUES(2,142,302836);
INSERT INTO reading VALUES(3,142,427506);
INSERT INTO reading VALUES(4,142,520312);
INSERT INTO reading VALUES(1,143,1802000);
INSERT INTO reading VALUES(2,143,304089);
INSERT INTO reading VALUES(3,143,428435);
INSERT INTO reading VALUES(4,143,521046);
INSERT INTO reading VALUES(1,144,1819127);
INSERT INTO reading VALUES(2,144,305556);
INSERT INTO reading VALUES(3,144,429490);
INSERT INTO reading VALUES(4,144,522473);
INSERT INTO reading VALUES(1,145,1848239);
INSERT INTO reading VALUES(2,145,308058);
INSERT INTO reading VALUES(3,145,430906);
INSERT INTO reading VALUES(4,145,525488);
INSERT INTO reading VALUES(1,146,1868582);
INSERT INTO reading VALUES(2,146,310275);
INSERT INTO reading VALUES(3,146,432084);
INSERT INTO reading VALUES(4,146,527697);
INSERT INTO reading VALUES(1,147,1937764);
INSERT INTO reading VALUES(2,147,312316);
INSERT INTO reading VALUES(3,147,433417);
INSERT INTO reading VALUES(4,147,530193);
INSERT INTO reading VALUES(1,148,1957965);
INSERT INTO reading VALUES(2,148,314577);
INSERT INTO reading VALUES(3,148,434798);
INSERT INTO reading VALUES(4,148,533428);
INSERT INTO reading VALUES(1,149,1977326);
INSERT INTO reading VALUES(2,149,316711);
INSERT INTO reading VALUES(3,149,435943);
INSERT INTO reading VALUES(4,149,536370);
INSERT INTO reading VALUES(1,150,1989330);
INSERT INTO reading VALUES(2,150,318331);
INSERT INTO reading VALUES(3,150,437017);
INSERT INTO reading VALUES(4,150,537809);
INSERT INTO reading VALUES(1,151,1999150);
INSERT INTO reading VALUES(2,151,319463);
INSERT INTO reading VALUES(3,151,438225);
INSERT INTO reading VALUES(4,151,538532);
INSERT INTO reading VALUES(1,152,1999494);
INSERT INTO reading VALUES(2,152,319981);
INSERT INTO reading VALUES(3,152,439606);
INSERT INTO reading VALUES(4,152,539250);
INSERT INTO reading VALUES(1,153,2005928);
INSERT INTO reading VALUES(2,153,320722);
INSERT INTO reading VALUES(3,153,440614);
INSERT INTO reading VALUES(4,153,540027);
INSERT INTO reading VALUES(1,154,2015804);
INSERT INTO reading VALUES(2,154,321414);
INSERT INTO reading VALUES(3,154,441420);
INSERT INTO reading VALUES(4,154,540865);
INSERT INTO reading VALUES(1,155,2030170);
INSERT INTO reading VALUES(2,155,322656);
INSERT INTO reading VALUES(3,155,442259);
INSERT INTO reading VALUES(4,155,542754);
INSERT INTO reading VALUES(1,156,2081912);
INSERT INTO reading VALUES(2,156,324295);
INSERT INTO reading VALUES(3,156,443305);
INSERT INTO reading VALUES(4,156,545435);
INSERT INTO reading VALUES(1,157,2102260);
INSERT INTO reading VALUES(2,157,326973);
INSERT INTO reading VALUES(3,157,445244);
INSERT INTO reading VALUES(4,157,548120);
INSERT INTO reading VALUES(1,158,2117736);
INSERT INTO reading VALUES(2,158,330196);
INSERT INTO reading VALUES(3,158,446541);
INSERT INTO reading VALUES(4,158,551819);
INSERT INTO reading VALUES(1,159,2139924);
INSERT INTO reading VALUES(2,159,333323);
INSERT INTO reading VALUES(3,159,447912);
INSERT INTO reading VALUES(4,159,554674);
INSERT INTO reading VALUES(1,160,2154485);
INSERT INTO reading VALUES(2,160,336389);
INSERT INTO reading VALUES(3,160,449445);
INSERT INTO reading VALUES(4,160,558327);
INSERT INTO reading VALUES(1,161,2168295);
INSERT INTO reading VALUES(2,161,340056);
INSERT INTO reading VALUES(3,161,451494);
INSERT INTO reading VALUES(4,161,560789);
INSERT INTO reading VALUES(1,162,2181825);
INSERT INTO reading VALUES(2,162,343369);
INSERT INTO reading VALUES(3,162,452669);
INSERT INTO reading VALUES(4,162,562823);
INSERT INTO reading VALUES(1,163,2188775);
INSERT INTO reading VALUES(2,163,344819);
INSERT INTO reading VALUES(3,163,453557);
INSERT INTO reading VALUES(4,163,563556);
INSERT INTO reading VALUES(1,164,2198630);
INSERT INTO reading VALUES(2,164,347268);
INSERT INTO reading VALUES(3,164,455525);
INSERT INTO reading VALUES(4,164,564961);
INSERT INTO reading VALUES(1,165,2210264);
INSERT INTO reading VALUES(2,165,348111);
INSERT INTO reading VALUES(3,165,456975);
INSERT INTO reading VALUES(4,165,566057);
INSERT INTO reading VALUES(1,166,2222242);
INSERT INTO reading VALUES(2,166,349352);
INSERT INTO reading VALUES(3,166,457790);
INSERT INTO reading VALUES(4,166,567166);
INSERT INTO reading VALUES(1,167,2232290);
INSERT INTO reading VALUES(2,167,351395);
INSERT INTO reading VALUES(3,167,458627);
INSERT INTO reading VALUES(4,167,568765);
INSERT INTO reading VALUES(1,168,2250504);
INSERT INTO reading VALUES(2,168,355265);
INSERT INTO reading VALUES(3,168,460049);
INSERT INTO reading VALUES(4,168,572068);
INSERT INTO reading VALUES(1,169,2262554);
INSERT INTO reading VALUES(2,169,358300);
INSERT INTO reading VALUES(3,169,461666);
INSERT INTO reading VALUES(4,169,575287);
INSERT INTO reading VALUES(1,170,2278582);
INSERT INTO reading VALUES(2,170,361542);
INSERT INTO reading VALUES(3,170,463462);
INSERT INTO reading VALUES(4,170,577294);
INSERT INTO reading VALUES(1,171,2291440);
INSERT INTO reading VALUES(2,171,363356);
INSERT INTO reading VALUES(3,171,465458);
INSERT INTO reading VALUES(4,171,579326);
INSERT INTO reading VALUES(1,172,2304381);
INSERT INTO reading VALUES(2,172,368440);
INSERT INTO reading VALUES(3,172,466747);
INSERT INTO reading VALUES(4,172,581123);
INSERT INTO reading VALUES(1,173,2312918);
INSERT INTO reading VALUES(2,173,369644);
INSERT INTO reading VALUES(3,173,467976);
INSERT INTO reading VALUES(4,173,582731);
INSERT INTO reading VALUES(1,174,2320004);
INSERT INTO reading VALUES(2,174,370582);
INSERT INTO reading VALUES(3,174,469057);
INSERT INTO reading VALUES(4,174,584245);
INSERT INTO reading VALUES(1,175,2323100);
INSERT INTO reading VALUES(2,175,371017);
INSERT INTO reading VALUES(3,175,470040);
INSERT INTO reading VALUES(4,175,585538);
INSERT INTO reading VALUES(1,176,2327931);
INSERT INTO reading VALUES(2,176,371920);
INSERT INTO reading VALUES(3,176,471291);
INSERT INTO reading VALUES(4,176,586870);
INSERT INTO reading VALUES(1,177,2343923);
INSERT INTO reading VALUES(2,177,373140);
INSERT INTO reading VALUES(3,177,472579);
INSERT INTO reading VALUES(4,177,588052);
INSERT INTO reading VALUES(1,178,2349884);
INSERT INTO reading VALUES(2,178,374080);
INSERT INTO reading VALUES(3,178,473872);
INSERT INTO reading VALUES(4,178,589228);
INSERT INTO reading VALUES(1,179,2361494);
INSERT INTO reading VALUES(2,179,375740);
INSERT INTO reading VALUES(3,179,475359);
INSERT INTO reading VALUES(4,179,590907);
INSERT INTO reading VALUES(1,180,2371724);
INSERT INTO reading VALUES(2,180,376566);
INSERT INTO reading VALUES(3,180,476351);
INSERT INTO reading VALUES(4,180,592593);
INSERT INTO reading VALUES(1,181,2382478);
INSERT INTO reading VALUES(2,181,377984);
INSERT INTO reading VALUES(3,181,477159);
INSERT INTO reading VALUES(4,181,595961);
INSERT INTO reading VALUES(1,182,2396759);
INSERT INTO reading VALUES(2,182,379412);
INSERT INTO reading VALUES(3,182,477976);
INSERT INTO reading VALUES(4,182,597987);
INSERT INTO reading VALUES(1,183,2413473);
INSERT INTO reading VALUES(2,183,380837);
INSERT INTO reading VALUES(3,183,478838);
INSERT INTO reading VALUES(4,183,599576);
INSERT INTO reading VALUES(1,184,2427869);
INSERT INTO reading VALUES(2,184,382525);
INSERT INTO reading VALUES(3,184,479815);
INSERT INTO reading VALUES(4,184,601118);
INSERT INTO reading VALUES(1,185,2435587);
INSERT INTO reading VALUES(2,185,383859);
INSERT INTO reading VALUES(3,185,480400);
INSERT INTO reading VALUES(4,185,602380);
INSERT INTO reading VALUES(1,186,2442069);
INSERT INTO reading VALUES(2,186,384805);
INSERT INTO reading VALUES(3,186,484092);
INSERT INTO reading VALUES(4,186,603528);
INSERT INTO reading VALUES(1,187,2444657);
INSERT INTO reading VALUES(2,187,385199);
INSERT INTO reading VALUES(3,187,484921);
INSERT INTO reading VALUES(4,187,604580);
INSERT INTO reading VALUES(1,188,2446887);
INSERT INTO reading VALUES(2,188,385641);
INSERT INTO reading VALUES(3,188,485668);
INSERT INTO reading VALUES(4,188,605508);
INSERT INTO reading VALUES(1,189,2450146);
INSERT INTO reading VALUES(2,189,386102);
INSERT INTO reading VALUES(3,189,486433);
INSERT INTO reading VALUES(4,189,606851);
INSERT INTO reading VALUES(1,190,2452500);
INSERT INTO reading VALUES(2,190,386479);
INSERT INTO reading VALUES(3,190,487185);
INSERT INTO reading VALUES(4,190,607684);
INSERT INTO reading VALUES(1,191,2458160);
INSERT INTO reading VALUES(2,191,387186);
INSERT INTO reading VALUES(3,191,488361);
INSERT INTO reading VALUES(4,191,608811);
INSERT INTO reading VALUES(1,192,2462043);
INSERT INTO reading VALUES(2,192,388423);
INSERT INTO reading VALUES(3,192,489725);
INSERT INTO reading VALUES(4,192,610083);
INSERT INTO reading VALUES(1,193,2471758);
INSERT INTO reading VALUES(2,193,390455);
INSERT INTO reading VALUES(3,193,490826);
INSERT INTO reading VALUES(4,193,612775);
INSERT INTO reading VALUES(1,194,2483057);
INSERT INTO reading VALUES(2,194,392476);
INSERT INTO reading VALUES(3,194,492204);
INSERT INTO reading VALUES(4,194,615431);
INSERT INTO reading VALUES(1,195,2492318);
INSERT INTO reading VALUES(2,195,394243);
INSERT INTO reading VALUES(3,195,493403);
INSERT INTO reading VALUES(4,195,617075);
INSERT INTO reading VALUES(1,196,2501459);
INSERT INTO reading VALUES(2,196,396289);
INSERT INTO reading VALUES(3,196,495778);
INSERT INTO reading VALUES(4,196,618429);
INSERT INTO reading VALUES(1,197,2510444);
INSERT INTO reading VALUES(2,197,397861);
INSERT INTO reading VALUES(3,197,497057);
INSERT INTO reading VALUES(4,197,622458);
INSERT INTO reading VALUES(1,198,2513856);
INSERT INTO reading VALUES(2,198,398069);
INSERT INTO reading VALUES(3,198,498368);
INSERT INTO reading VALUES(4,198,623482);
INSERT INTO reading VALUES(1,199,2516279);
INSERT INTO reading VALUES(2,199,398370);
INSERT INTO reading VALUES(3,199,499609);
INSERT INTO reading VALUES(4,199,624108);
INSERT INTO reading VALUES(1,200,2520058);
INSERT INTO reading VALUES(2,200,398919);
INSERT INTO reading VALUES(3,200,501174);
INSERT INTO reading VALUES(4,200,625354);
INSERT INTO reading VALUES(1,201,2522089);
INSERT INTO reading VALUES(2,201,399274);
INSERT INTO reading VALUES(3,201,502305);
INSERT INTO reading VALUES(4,201,626084);
INSERT INTO reading VALUES(1,202,2528928);
INSERT INTO reading VALUES(2,202,399769);
INSERT INTO reading VALUES(3,202,503770);
INSERT INTO reading VALUES(4,202,627517);
INSERT INTO reading VALUES(1,203,2531924);
INSERT INTO reading VALUES(2,203,400204);
INSERT INTO reading VALUES(3,203,504694);
INSERT INTO reading VALUES(4,203,628339);
INSERT INTO reading VALUES(1,204,2542100);
INSERT INTO reading VALUES(2,204,401607);
INSERT INTO reading VALUES(3,204,505488);
INSERT INTO reading VALUES(4,204,629964);
INSERT INTO reading VALUES(1,205,2558775);
INSERT INTO reading VALUES(2,205,403608);
INSERT INTO reading VALUES(3,205,506390);
INSERT INTO reading VALUES(4,205,631588);
INSERT INTO reading VALUES(1,206,2569265);
INSERT INTO reading VALUES(2,206,405326);
INSERT INTO reading VALUES(3,206,507080);
INSERT INTO reading VALUES(4,206,634360);
INSERT INTO reading VALUES(1,207,2581042);
INSERT INTO reading VALUES(2,207,407517);
INSERT INTO reading VALUES(3,207,507935);
INSERT INTO reading VALUES(4,207,636238);
INSERT INTO reading VALUES(1,208,2592791);
INSERT INTO reading VALUES(2,208,408998);
INSERT INTO reading VALUES(3,208,508657);
INSERT INTO reading VALUES(4,208,638321);
INSERT INTO reading VALUES(1,209,2607919);
INSERT INTO reading VALUES(2,209,411346);
INSERT INTO reading VALUES(3,209,509523);
INSERT INTO reading VALUES(4,209,639865);
INSERT INTO reading VALUES(1,210,2612949);
INSERT INTO reading VALUES(2,210,412533);
INSERT INTO reading VALUES(3,210,510422);
INSERT INTO reading VALUES(4,210,644438);
INSERT INTO reading VALUES(1,211,2617113);
INSERT INTO reading VALUES(2,211,413426);
INSERT INTO reading VALUES(3,211,511028);
INSERT INTO reading VALUES(4,211,646510);
INSERT INTO reading VALUES(1,212,2621191);
INSERT INTO reading VALUES(2,212,414538);
INSERT INTO reading VALUES(3,212,511757);
INSERT INTO reading VALUES(4,212,648259);
INSERT INTO reading VALUES(1,213,2628061);
INSERT INTO reading VALUES(2,213,415779);
INSERT INTO reading VALUES(3,213,512383);
INSERT INTO reading VALUES(4,213,649972);
INSERT INTO reading VALUES(1,214,2632162);
INSERT INTO reading VALUES(2,214,416573);
INSERT INTO reading VALUES(3,214,513224);
INSERT INTO reading VALUES(4,214,651929);
INSERT INTO reading VALUES(1,215,2640200);
INSERT INTO reading VALUES(2,215,419038);
INSERT INTO reading VALUES(3,215,514667);
INSERT INTO reading VALUES(4,215,657275);
INSERT INTO reading VALUES(1,216,2649805);
INSERT INTO reading VALUES(2,216,420984);
INSERT INTO reading VALUES(3,216,515419);
INSERT INTO reading VALUES(4,216,661008);
INSERT INTO reading VALUES(1,217,2660438);
INSERT INTO reading VALUES(2,217,422715);
INSERT INTO reading VALUES(3,217,516240);
INSERT INTO reading VALUES(4,217,666204);
INSERT INTO reading VALUES(1,218,2669391);
INSERT INTO reading VALUES(2,218,424818);
INSERT INTO reading VALUES(3,218,516997);
INSERT INTO reading VALUES(4,218,671296);
INSERT INTO reading VALUES(1,219,2679936);
INSERT INTO reading VALUES(2,219,427087);
INSERT INTO reading VALUES(3,219,517847);
INSERT INTO reading VALUES(4,219,676709);
INSERT INTO reading VALUES(1,220,2688439);
INSERT INTO reading VALUES(2,220,429440);
INSERT INTO reading VALUES(3,220,518582);
INSERT INTO reading VALUES(4,220,681913);
INSERT INTO reading VALUES(1,221,2693126);
INSERT INTO reading VALUES(2,221,431011);
INSERT INTO reading VALUES(3,221,519254);
INSERT INTO reading VALUES(4,221,684474);
INSERT INTO reading VALUES(1,222,2695932);
INSERT INTO reading VALUES(2,222,431874);
INSERT INTO reading VALUES(3,222,520052);
INSERT INTO reading VALUES(4,222,685171);
INSERT INTO reading VALUES(1,223,2698890);
INSERT INTO reading VALUES(2,223,432466);
INSERT INTO reading VALUES(3,223,520766);
INSERT INTO reading VALUES(4,223,685737);
CREATE TABLE account(acct_id INTEGER PRIMARY KEY AUTOINCREMENT,                         first_name TEXT,                         last_name TEXT,                         address TEXT,                         reads_in TEXT,                         master TEXT);
INSERT INTO account VALUES(1,'Gene and Toniann','Schultz','704 Carpenteria Rd','gallons','no');
INSERT INTO account VALUES(2,'Terry and Maureen','Cain','706 Carpenteria Rd','cubic feet','no');
INSERT INTO account VALUES(3,'Robert and Stephanie','Meineke','708 Carpenteria Rd','cubic feet','yes');
INSERT INTO account VALUES(4,'Lazaro and Irma','Olivares','710 Carpenteria Rd','cubic feet','no');
DELETE FROM sqlite_sequence;
INSERT INTO sqlite_sequence VALUES('account',4);
INSERT INTO sqlite_sequence VALUES('activity',18);
INSERT INTO sqlite_sequence VALUES('savings_account','1');
COMMIT;
PRAGMA foreign_keys=OFF;
BEGIN TRANSACTION;
CREATE TABLE activity(id INTEGER PRIMARY KEY AUTOINCREMENT,                         date TEXT,                         acct INTEGER,                         type INTEGER,                         amount INTEGER,                         note TEXT);
INSERT INTO activity VALUES(1,'2019-01-01',1,NULL,0,'Opening balance');
INSERT INTO activity VALUES(2,'2019-01-01',2,NULL,-4680,'Opening balance');
INSERT INTO activity VALUES(3,'2019-01-01',3,NULL,0,'Opening balance');
INSERT INTO activity VALUES(4,'2019-01-01',4,NULL,0,'Opening balance');
INSERT INTO activity VALUES(5,'2019-01-01',NULL,11,912613,'Opening savings account balance');
INSERT INTO activity VALUES(6,'2019-01-24',2,1,-5000,'Missing 8/2008 reading');
INSERT INTO activity VALUES(7,'2019-01-24',NULL,7,3162,'PGE bill received');
INSERT INTO activity VALUES(8,'2019-01-24',1,8,551,'PGE bill share');
INSERT INTO activity VALUES(9,'2019-01-24',1,9,740,'Savings assessment');
INSERT INTO activity VALUES(10,'2019-01-24',2,8,826,'PGE bill share');
INSERT INTO activity VALUES(11,'2019-01-24',2,9,1107,'Savings assessment');
INSERT INTO activity VALUES(12,'2019-01-24',3,8,996,'PGE bill share');
INSERT INTO activity VALUES(13,'2019-01-24',3,9,1335,'Savings assessment');
INSERT INTO activity VALUES(14,'2019-01-24',4,8,789,'PGE bill share');
INSERT INTO activity VALUES(15,'2019-01-24',4,9,1058,'Savings assessment');
INSERT INTO activity VALUES(16,'2019-01-24',NULL,10,4240,'Savings assessment total');
INSERT INTO activity VALUES(17,'2019-01-24',3,5,-996,'Payment on account (PGE bill paid)');
INSERT INTO activity VALUES(18,'2019-01-24',NULL,6,-3162,'PGE bill paid');
COMMIT;
